epoch,step,train_loss
0,19,0.03795116767287254
0,39,0.03012239746749401
1,59,0.030789609998464584
1,79,0.02993099018931389
2,99,0.03912360966205597
2,119,0.029852217063307762
