epoch,step,train_loss
0,19,0.07313745468854904
0,39,0.04457921162247658
1,59,0.041123729199171066
1,79,0.03709688037633896
