epoch,step,train_loss
0,19,0.07131416350603104
0,39,0.04523530602455139
1,59,0.04090433567762375
1,79,0.04440247267484665
