epoch,step,train_loss
0,19,0.08451397716999054
0,39,0.05032745376229286
0,59,0.04724777489900589
