epoch,step,train_loss
0,0,0.39187881350517273
0,1,3.208517551422119
