epoch,step,train_loss
0,19,0.07151097804307938
0,39,0.0442502498626709
1,59,0.038549549877643585
1,79,0.03765612095594406
