epoch,step,train_loss
0,19,0.0418679378926754
0,39,0.03294557332992554
0,59,0.03465748578310013
