epoch,step,train_loss
0,19,0.030872918665409088
0,39,0.03280496969819069
1,59,0.03212993964552879
