epoch,step,train_loss
0,19,0.08767274767160416
0,39,0.06465492397546768
0,59,0.055378854274749756
0,79,0.048100970685482025
0,99,0.04302920401096344
0,119,0.03933598846197128
