epoch,step,train_loss
0,19,0.041742775589227676
0,39,0.03588881716132164
0,59,0.039824340492486954
0,79,0.03555069863796234
0,99,0.044678445905447006
0,119,0.028459370136260986
0,139,0.03265465050935745
1,159,0.035244327038526535
1,179,0.0327998623251915
1,199,0.028810696676373482
1,219,0.030562685802578926
1,239,0.024367589503526688
1,259,0.02831726334989071
1,279,0.03298301249742508
2,299,0.031871046870946884
2,319,0.029855087399482727
