epoch,step,train_loss
0,19,0.038058191537857056
0,39,0.030692018568515778
1,59,0.030430246144533157
