epoch,step,train_loss
0,19,0.04712093621492386
0,39,0.03675536811351776
0,59,0.032491832971572876
0,79,0.02292950451374054
0,99,0.05826510116457939
0,119,0.045196421444416046
0,139,0.03691466525197029
0,159,0.03817242383956909
0,179,0.02904188074171543
0,199,0.036388929933309555
0,219,0.032305099070072174
0,239,0.02828773856163025
0,259,0.035829320549964905
0,279,0.024184932932257652
0,299,0.026911549270153046
0,319,0.0216313935816288
