epoch,step,train_loss
0,19,0.06712735444307327
0,39,0.0469658225774765
0,59,0.043493226170539856
