epoch,step,train_loss
0,19,0.07198727875947952
0,39,0.04552149400115013
1,59,0.043707676231861115
1,79,0.03870874643325806
2,99,0.04029073193669319
2,119,0.03629700839519501
