epoch,step,train_loss
0,19,0.025281652808189392
0,39,0.034505557268857956
0,59,0.034429386258125305
0,79,0.032877177000045776
0,99,0.02061571180820465
0,119,0.03541959822177887
0,139,0.03416015952825546
0,159,0.03558356687426567
0,179,0.024358313530683517
0,199,0.02964710257947445
0,219,0.02430034801363945
