epoch,step,train_loss
0,19,0.07305286824703217
0,39,0.04458143934607506
1,59,0.03892552852630615
1,79,0.04122122377157211
